November 2025,,,,,,,,
Domain,Date,Not Indexed,Indexed,Index Request,Sitemap,Non-HTTPS Urls,Breadcrumbs,Top Linking Sites
adambuice.com,11/13/2025,42,22,"https://adambuice.com/community-connections/
https://adambuice.com/mortgage-market/        
https://adambuice.com/fed-decision-day/        
https://adambuice.com/mortgage-rates-2025/        
https://adambuice.com/fed-rate-cuts/        
https://adambuice.com/2024-sales-rally/        
https://adambuice.com/march-2025-newsletter/        
https://adambuice.com/mortgage-myths/        
https://adambuice.com/mig/",No issues,0,0 invalid / 5 Valid,"friendsnewsnetwork.com
about.me
personalwebsites.org
linktr.ee
tumblr.com"
adamrozan.com,11/13/2025,2,1,No indexing needed,"submitted 
https://adamrozan.com/wp-sitemap-posts-page-1.xml
discovered 10 new pages",0,0,No data
aidenfishbein.com,11/13/2025,13,7,No indexing needed,No issues,0,0,"about.me
personalwebsites.org 
2ip.ru"
alexlieberman.com,11/13/2025,25,33,No indexing needed,No issues,1 - Validation Started,0 invalid / 17 Valid,"2ip.io
about.me
personalwebsites.org
2ip.ru
apsense.com
cubdomain.com
drjack.world
linktr.ee
medium.com
peekyou.com
"
allisonheiliczer.com,11/13/2025,10,8,No indexing needed,"submitted 
https://allisonheiliczer.com/wp-sitemap-posts-page-1.xml
https://allisonheiliczer.com/wp-sitemap-posts-post-1.xml
discovered 7 new pages",0,,drjack.world
andrewkanderson.com,11/13/2025,60,9,"https://andrewkanderson.com/candy-fuegan/","submitted
https://andrewkanderson.com/wp-sitemap-posts-post-1.xml
https://andrewkanderson.com/wp-sitemap-posts-page-1.xml
discovered 13 new pages",0,0,"about.me
linktr.ee
medium.com"
andriayu.com,11/13/2025,8,10,No indexing needed,No issues,0,0 invalid / 7 Valid,"about.me
personalwebsites.org
2ip.io
apsense.com
blogspot.com
drjack.world"
andysommer.com,11/13/2025,15,12,No indexing needed,No issues,0,0 invalid / 7 Valid,about.me
aniawysocka.com,11/13/2025,43,21,"https://aniawysocka.com/celebrate-small-wins/
https://aniawysocka.com/rootd-app-of-the-day/
https://aniawysocka.com/business-of-apps/

pending due to quota limit:
https://aniawysocka.com/about/
https://aniawysocka.com/blog/
https://aniawysocka.com/c100-fellows-program/
https://aniawysocka.com/cartier-womens-initiative/
https://aniawysocka.com/dtc-interview/
https://aniawysocka.com/headshots/
https://aniawysocka.com/rootd-mfm/
https://aniawysocka.com/the-first-session/
https://aniawysocka.com/weareplay/",No issues,0,0 invalid / 8 Valid,"personalwebsites.org
about.me
linktr.ee
medium.com
vs3.net"
annepalermo.com,11/13/2025,27,20,No indexing needed,"submitted
https://annepalermo.com/wp-sitemap-posts-post-1.xml
https://annepalermo.com/wp-sitemap-posts-page-1.xml
discovered 17 new pages",0,0 invalid / 9 Valid,"foodinstitute.com
about.me
personalwebsites.org
2ip.ru
apsense.com
crunchbase.com
fpsa.org"
annikalewis.org,11/13/2025,21,7,"pending due to quota limit:
https://annikalewis.org/takeaways-from-2024-crypto-rundown/
https://annikalewis.org/stablecoins-a-personal-finance-revolution/","submitted
https://annikalewis.org/wp-sitemap-posts-post-1.xml
https://annikalewis.org/wp-sitemap-posts-page-1.xml
discovered 7 new pages",0,"Invalid top level element ""null""",personalwebsites.org
austinrief.com,11/13/2025,26,14,"https://austinrief.com/best-businesses/",No issues,0,0,"about.me
personalwebsites.org
blogspot.com
vs3.net"
aymanalabdullah.com,11/13/2025,167000,15,HOLD,,,,
barbruhis.com,11/13/2025,5,14,No indexing needed,"submitted
https://barbruhis.com/wp-sitemap.xml
https://barbruhis.com/wp-sitemap-posts-page-1.xml
https://barbruhis.com/wp-sitemap-posts-post-1.xml
discovered 16 new pages",0,0 invalid / 3 Valid,websitelaunches.com
benjaminpeacehoffman.com,11/13/2025,19,19,No indexing needed,"submitted
https://benjaminpeacehoffman.com/wp-sitemap-posts-post-1.xml
https://benjaminpeacehoffman.com/wp-sitemap-posts-page-1.xml
discovered 24 new pages",0,0,"about.me
linktr.ee
medium.com
personalwebsites.org
blogspot.com
cityhunt.com
dibiz.com"
braelinnfrank.com,11/13/2025,31,15,No indexing needed,"submitted
https://braelinnfrank.com/wp-sitemap-posts-post-1.xml
discovered 10 new pages",0,0,"personalwebsites.org
about.me
drjack.world"
brianleenash.com,11/13/2025,18,3,No indexing needed,"submitted
https://brianleenash.com/wp-sitemap-posts-page-1.xml
https://brianleenash.com/wp-sitemap-posts-post-1.xml
discovered 12 new pages",0,0,"datanyze.com
drjack.world
sive.rs
zoominfo.com"
burns.gg,11/13/2025,14,9,No indexing needed,"submitted
https://burns.gg/wp-sitemap-posts-post-1.xml
discovered 5 new pages",0,0,"about.me
personalwebsites.org
blogspot.com"
carolinabaffigo.com,11/13/2025,17,11,No indexing needed,"submitted
https://carolinabaffigo.com/wp-sitemap-posts-post-1.xml
discovered 11 new pages",0,0,"personalwebsites.org
about.me
apsense.com
drjack.world"
catediaz.com,11/13/2025,22,17,"https://catediaz.com/finding-funding-experience/
https://catediaz.com/founder-partnerships/","submitted
https://catediaz.com/wp-sitemap-posts-post-1.xml
discovered 15 new pages",0,0 invalid / 14 Valid,"about.me
apsense.com
personalwebsites.org
2ip.ru
blogspot.com
bye.fyi"
cathrynlavery.com,11/13/2025,26,20,https://cathrynlavery.com/i-bought-my-company-back/,No issues,0,0 invalid / 12 Valid,"about.me
graphicpolicy.com
personalwebsites.org
blogspot.com
complex.com
csdn.net
designsekcja.pl
linktr.ee
nickgray.net
polkadot.it
vs3.net
zencos.com"
chrisgittings.com,11/13/2025,12,9,No indexing needed,"submitted
https://chrisgittings.com/wp-sitemap-posts-page-1.xml
https://chrisgittings.com/wp-sitemap-posts-post-1.xml
discovered 11 new pages",0,0,"about.me
nickgray.net
personalwebsites.org
2ip.io
2ip.ru
apsense.com
blogspot.com
braid.in
bye.fyi
vs3.net"
chrispetkas.com,11/13/2025,49,28,"https://chrispetkas.com/got-your-six/
https://chrispetkas.com/go-within/
https://chrispetkas.com/lifes-challenges/
https://chrispetkas.com/leadership-insights/
https://chrispetkas.com/humility/",No issues,0,0 invalid / 4 Valid,"medium.com
personalwebsites.org"
chrissparling.net,11/13/2025,31,10,https://chrissparling.net/my-first-million-podcast/,"submitted
https://chrissparling.net/wp-sitemap-posts-post-1.xml
https://chrissparling.net/wp-sitemap-posts-page-1.xml
discovered 12 new pages",0,0,"medium.com
personalwebsites.org
about.me
blogspot.com
bye.fyi
vs3.net"
collinwmartin.com,11/13/2025,33,13,"https://collinwmartin.com/athlete-to-athlete/
https://collinwmartin.com/usl-milestones/

pending due to quota limit:
https://collinwmartin.com/espn/
https://collinwmartin.com/outsports/
https://collinwmartin.com/thank-you-sd/","No issues
",0,0,"idcrawl.com
twicopy.com
x.com"
courtneyjohnsonnews.com,11/13/2025,4,15,"pending due to quota limit:
https://courtneyjohnsonnews.com/ai-emotional-intelligence/","submitted
https://courtneyjohnsonnews.com/wp-sitemap-posts-post-1.xml
https://courtneyjohnsonnews.com/wp-sitemap-posts-page-1.xml
discovered 21 new pages",0,0 invalid / 10 Valid,"about.me
apsense.com
websitelaunches.com"
danlerman.com,11/13/2025,34,24,"started new validation for:
Blocked by robots.txt
Crawled - currently not indexed
Discovered - currently not indexed","No issues
",0,0 invalid / 2 Valid,"medium.com
about.me
personalwebsites.org
2ip.ru
apsense.com
blogspot.com
bye.fyi
linktr.ee
nickhalaris.com
tumblr.com"
davidlkirkpatrick.com,11/13/2025,24,16,"started new validation for:
Crawled - currently not indexed","submitted
https://davidlkirkpatrick.com/wp-sitemap-posts-page-1.xml
https://davidlkirkpatrick.com/wp-sitemap-posts-post-1.xml
discovered 24 new pages",0,0,"about.me
linktr.ee
personalwebsites.org
vs3.net"
davidshapiro.co,11/13/2025,16,15,"started new validation for:
Crawled - currently not indexed","No issues
",0,0,"about.me
linktr.ee
personalwebsites.org"
dustinhyle.com,11/13/2025,16,9,"started new validation for:
Crawled - currently not indexed","submitted
https://dustinhyle.com/wp-sitemap-posts-page-1.xml
discovered 4 new pages",0,0 invalid / 5 Valid,"3si.org
medium.com
personalwebsites.org
about.me
theseattlecook.com"
edwindorsey.com,11/13/2025,44,20,"started new validation for:
Crawled - currently not indexed
Discovered - currently not indexed","No issues
",0,"Invalid top level element ""null""","about.me
linktr.ee
personalwebsites.org
bye.fyi
vs3.net"
ericmelchor.com,11/13/2025,18,25,No indexing needed,"submitted
https://ericmelchor.com/wp-sitemap-posts-page-1.xml
https://ericmelchor.com/wp-sitemap-posts-post-1.xml
discovered 25 new pages",0,0,"apple.com
spotify.com
medium.com
about.me
listennotes.com
personalwebsites.org
anchor.fm
apsense.com
bucharestcocktailparty.com
drjack.world"
ethanrealander.com,11/13/2025,9,8,No indexing needed,"submitted
https://ethanrealander.com/wp-sitemap-posts-page-1.xml
https://ericmelchor.com/wp-sitemap-posts-post-1.xml
discovered 8 new pages",0,0,personalwebsites.org
furqankhan.net,11/13/2025,16,7,No indexing needed,"No issues
",0,0,No data
geneseidman.com,11/13/2025,19,10,"started new validation for:
Discovered - currently not indexed","No issues
",0,0,"personalwebsites.org
about.me
apsense.com"
hannahmelody.com,11/13/2025,24,11,"started new validation for:
Crawled - currently not indexed","submitted
https://hannahmelody.com/wp-sitemap-posts-page-1.xml
https://hannahmelody.com/wp-sitemap-posts-post-1.xml
discovered 12 new pages",0,0,"about.me
personalwebsites.org"
houseofzel.com,11/13/2025,16,5,"started new validation for:
Crawled - currently not indexed","submitted
https://houseofzel.com/wp-sitemap-posts-page-1.xml
https://houseofzel.com/wp-sitemap-posts-post-1.xml
discovered 5 new pages",0,0,No data
itschadrubin.com,11/13/2025,17,13,No indexing needed,"submitted
https://itschadrubin.com/wp-sitemap-posts-page-1.xml
https://itschadrubin.com/wp-sitemap-posts-post-1.xml
discovered 14 new pages",0,0 invalid / 3 Valid,"about.me
medium.com
personalwebsites.org
apsense.com
bye.fyi
vs3.net"
itslaurengoldstein.com,11/13/2025,20,16,"https://itslaurengoldstein.com/business-optimization/

validation started on 9/23/25 for:
Crawled - currently not indexed","submitted
https://itslaurengoldstein.com/wp-sitemap-posts-page-1.xml
discovered 4 new pages",0,0 invalid / 9 Valid,"apsense.com
personalwebsites.org
blogspot.com"
jacobvoncannon.com,11/13/2025,13,7,No indexing needed,"submitted
https://jacobvoncannon.com/wp-sitemap-posts-page-1.xml
https://jacobvoncannon.com/wp-sitemap-posts-post-1.xml
discovered 7 new pages",0,0,"personalwebsites.org
apsense.com
blogspot.com"
jasonyoong.com,11/13/2025,48,29,"started new validation for:
Crawled - currently not indexed","No issues
",0,0,"luma.com
personalwebsites.org
apsense.com
reddit.com"
jennykaehms.com,11/13/2025,23,17,"started new validation for:
Crawled - currently not indexed","No issues
",0,0,"personalwebsites.org
varsitywomensclub.com"
johnarrow.com,11/13/2025,27,22,"started new validation for:
Discovered - currently not indexed","No issues
",0,0,"reddit.com
about.me
drjack.world
personalwebsites.org
twicopy.com
apsense.com
idcrawl.com
x.com"
johnwbrandes.com,11/13/2025,7,6,https://johnwbrandes.com//,"submitted
https://johnwbrandes.com/wp-sitemap.xml
discovered 9 new pages",0,0 invalid / 3 Valid,No data
jonathanwegener.com,11/13/2025,24,6,No indexing needed,"submitted
https://jonathanwegener.com/wp-sitemap-posts-page-1.xml
https://jonathanwegener.com/wp-sitemap-posts-post-1.xml
https://jonathanwegener.com/wp-sitemap.xml
discovered 6 new pages",0,0,"about.me
linktr.ee
bye.fyi
nickgray.net"
jordanferney.com,11/13/2025,25,15,No indexing needed,"No issues
",0,0,"medium.com
about.me
designmom.com
linktr.ee
personalwebsites.org
reddit.com"
kaycierobinsonsendero.com,11/13/2025,13,8,"started new validation for:
Crawled - currently not indexed","No issues
",0,0,"personalwebsites.org
drjack.world"
keithmwalker.com,11/13/2025,1,0,No indexing needed,"No issues
",0,0,No data
malonedetecting.com,11/13/2025,3,8,No indexing needed,"submitted
https://malonedetecting.com/wp-sitemap-posts-post-1.xml
https://malonedetecting.com/wp-sitemap-posts-page-1.xml
discovered 8 new pages",0,0 invalid / 1 Valid,personalwebsites.org
mattgronberg.com,11/13/2025,26,12,"validation started on 9/23/25 for:
Crawled - currently not indexed
validation started on 11/5/25 for:
Discovered - currently not indexed","No issues
",0,0,"about.me
apsense.com
personalwebsites.org
blogspot.com"
maxmatenko.com,11/13/2025,2,6,No indexing needed,"submitted
https://maxmatenko.com/wp-sitemap-posts-post-1.xml
https://maxmatenko.com/wp-sitemap-posts-page-1.xml
discovered 8 new pages",0,0 invalid / 4 Valid,personalwebsites.org
meghanraftery.com,11/13/2025,5,14,No indexing needed,"submitted
https://meghanraftery.com/wp-sitemap-posts-post-1.xml
https://meghanraftery.com/wp-sitemap-posts-page-1.xml
discovered 9 new pages",0,0,"medium.com
personalwebsites.org
drjack.world"
michaeldelamaza.com,11/13/2025,18,13,No indexing needed,"No issues
",0,0,"personalwebsites.org
apsense.com
bye.fyi"
michaelgalpert.com,11/13/2025,618,32,"validation started on 11/7/25 for:
Crawled - currently not indexed","No issues
",0,0,"swiss-miss.com
tumblr.com
joshmohrer.com
bryce.vc
om.co
avimuchnick.com
birch.co
blogspot.com
gtmcknight.com
alexstechthoughts.com
mokoyfman.com
stwoeboyd.io
twicopy.com
digitalcrumble.com
fascinated.fm
instapaper.com
ito.com
laughingsquid.com
leftovertakeout.com
slideshare.net
steelopus.com
themarginalian.org
timoni.org
toomuchnick.com
wesleybarrow.com"
mikesmith.me,11/13/2025,344,81,"started new validation for:
Discovered - currently not indexed","No issues
",0,0,"ryanckulp.com
linktr.ee
nickgray.net
personalwebsites.org
about.me
babinec.com
linkedin.com
nathanbarry.com
nownownow.com
teten.com
tracxn.com
twstalker.com"
monicalim.co,11/13/2025,33,21,https://monicalim.co/subscription/,"No issues
",0,0,"notion.com
apsense.com
personalwebsites.org
transitor.fm
uk-podcasts.co.uk
adhdnerds.com
amazon.com
blogspot.com
goodpods.com
idcrawl.com
iheart.com
marianwalter.com
nickgray.net
podcastaddict.com
poddtoppen.se
twicopy.com
x.com"
nickchristensen.co,11/13/2025,15,5,"started new validation for:
Crawled - currently not indexed","submitted
https://nickchristensen.co/wp-sitemap-posts-page-1.xml
https://nickchristensen.co/wp-sitemap-posts-post-1.xml
discovered 6 new pages",0,0,personalwebsites.org
nikhulewsky.com,11/13/2025,10,7,No indexing needed,"submitted
https://nikhulewsky.com/wp-sitemap-posts-post-1.xml
https://nikhulewsky.com/wp-sitemap-posts-page-1.xml
discovered 9 new pages",0,0,"personalwebsites.org
apsense.com"
noahberkson.com,11/13/2025,58,38,"validation started on 9/23/25 for:
Blocked by robots.txt

started new validation for:
Crawled - currently not indexed","submitted
https://noahberkson.com/wp-sitemap-posts-page-1.xml
https://noahberkson.com/wp-sitemap-posts-post-1.xml
discovered 53 new pages",0,0 invalid / 4 Valid,"about.me
medium.com
personalwebsites.org
apsense.com
linktr.ee"
peterknox.com,11/13/2025,5,14,No indexing needed,"submitted
https://peterknox.com/wp-sitemap-posts-post-1.xml
https://peterknox.com/wp-sitemap-posts-page-1.xml
discovered 24 new pages",0,0,"apsense.com
personalwebsites.org
drjack.world
imdb.com"
pieceofpai.com,11/13/2025,14,10,No indexing needed,"submitted
https://pieceofpai.com/wp-sitemap-posts-post-1.xml
https://pieceofpai.com/wp-sitemap-posts-page-1.xml
discovered 11 new pages",0,0,"personalwebsites.org
apsense.com
blogspot.com
bye.fyi
creativeposts.top
huddlemarkets.ca
vs3.net"
pieterklue.com,11/13/2025,5,9,No indexing needed,"No issues
",0,0,personalwebsites.org
pradeepnalluri.com,11/13/2025,16,10,No indexing needed,"No issues
",0,0,"personalwebsites.org
vs3.net"
randallettinger.com,11/13/2025,11,10,No indexing needed,"No issues
",0,0,"personalwebsites.org
websitelaunches.com
drjack.world"
randlarsen.com,11/13/2025,71,27,"started new validation for:
Crawled - currently not indexed","No issues
",0,0,"medium.com
personalwebsites.org
apsense.com
smbcommunity.co"
rickyschay.com,11/13/2025,13,11,No indexing needed,"submitted
https://rickyschay.com/wp-sitemap-posts-post-1.xml
discovered 4 new pages",0,0,"medium.com
personalwebsites.org
blogspot.com
bye.fyi
creativeposts.top"
rondarbouze.com,11/13/2025,22,13,"started new validation for:
Crawled - currently not indexed","submitted
https://rondarbouze.com/wp-sitemap-posts-page-1.xml
https://rondarbouze.com/wp-sitemap-posts-post-1.xml
discovered 17 new pages",0,0,"personalwebsites.org
apsense.com
bbwdesires.review
blogspot.com
drjack.world
radfordmeetings.com"
ryanbed.org,11/13/2025,133,6,"validation started on 9/23/25 for:
Crawled - currently not indexed","No issues
",0,0,"tumblr.com
austinkleon.com
parislemon.com
topherchris.com
andyswan.com
peterwknox.com
stweboyd.io
apsense.com
fascinated.fm
gotemcoach.com
personalwebsites.org
pinterest.com
slideshare.net
zachklein.com
9-bits.com
about.me
amitgupta.com
birch.co
bryce.vc
bye.fyi
crunchbase.com
daveydanceblog.com
f6s.com
garychou.com
gregbabula.com"
sameerkirtane.com,11/13/2025,21,1,https://sameerkirtane.com/contact/,"No issues
",0,0,bye.fyi
saulz.com,11/13/2025,39,14,"started new validation for:
Crawled - currently not indexed
Discovered - currently not indexed","No issues
",0,0 invalid / 2 Valid,"personalwebsites.org
about.me
apsense.com
blogspot.com
linktr.ee"
sergiubuda.com,11/13/2025,12,8,No indexing needed,"submitted
https://sergiubuda.com/wp-sitemap-posts-post-1.xml
https://sergiubuda.com/wp-sitemap-posts-page-1.xml
discovered 8 new pages",0,0,No data
shaggyeells.com,11/13/2025,25,9,"started new validation for:
Crawled - currently not indexed","No issues
",0,0,"copywritingcourse.com
medium.com
personalwebsites.org
thedailymba.com
angelosgergakis.com
connorjclayton.com
linkedin.com
party.pro
skimo.co"
shanefarmer.com,11/13/2025,7,7,https://shanefarmer.com/contact/,"submitted
https://shanefarmer.com/wp-sitemap-posts-page-1.xml
https://shanefarmer.com/wp-sitemap-posts-post-1.xml
discovered 11 new pages",0,0 invalid / 4 Valid,personalwebsites.org
shapirotexas.com,11/13/2025,0,2,No indexing needed,"submitted
https://shapirotexas.com/wp-sitemap-posts-page-1.xml
discovered 1 new page",0,0,No data
shlomoschreibman.net,11/13/2025,20,12,"started new validation for:
Crawled - currently not indexed","submitted
https://shlomoschreibman.net/wp-sitemap-posts-page-1.xml
https://shlomoschreibman.net/wp-sitemap-posts-post-1.xml
discovered 16 new pages",0,0,"about.me
personalwebsites.org
apsense.com
bye.fyi"
skylarromines.com,11/13/2025,2,0,https://skylarromines.com/,"No issues
",0,0,No data
taylorjacobson.org,11/13/2025,5,8,No indexing needed,"submitted
https://taylorjacobson.org/wp-sitemap-posts-page-1.xml
https://taylorjacobson.org/wp-sitemap-posts-post-1.xml
discovered 9 new pages",0,0,"medium.com
apsense.com
blogspot.com"
theadamrobinson.com,11/13/2025,26,13,"https://theadamrobinson.com/startups/
https://theadamrobinson.com/email-list-growth/

started new validation for:
Crawled - currently not indexed","No issues
",0,0,"about.me
apsense.com
drjack.world
medium.com"
thearisohn.com,11/13/2025,28,18,No indexing needed,"No issues
",0,0,"medium.com
about.me
linktr.ee
personalwebsites.org
tumblr.com"
thebenhirsch.com,11/13/2025,30,17,https://thebenhirsch.com/shopifys-hidden-fee/,"No issues
",0,0,"yandex.ru
medium.com
personalwebsites.org
2ip.ru
about.me"
thehumanmountainconnection.com,11/13/2025,8,5,"started new validation for:
Crawled - currently not indexed","submitted
https://thehumanmountainconnection.com/wp-sitemap-posts-post-1.xml
https://thehumanmountainconnection.com/wp-sitemap-posts-page-1.xml
https://thehumanmountainconnection.com/wp-sitemap.xml
discovered 11 new pages",0,0,"runtrimag.com
myportfolio.com
signalhire.com"
thenicolerojas.com,11/13/2025,8,6,No indexing needed,"No issues
",0,0,"skool.com
personalwebsites.org
bye.fyi
vs3.net"
tjlarkin.com,11/13/2025,15,14,No indexing needed,"submitted
https://tjlarkin.com/wp-sitemap-posts-post-1.xml
https://tjlarkin.com/wp-sitemap-posts-page-1.xml
discovered 14 new pages",0,0,"personalwebsites.org
blogspot.com
drjack.world
smartrecruiters.com
zoominfo.com"
trevormccandless.com,11/13/2025,6,11,No indexing needed,"submitted
https://trevormccandless.com/wp-sitemap-posts-post-1.xml
https://trevormccandless.com/wp-sitemap-posts-page-1.xml
discovered 16 new pages",0,0 invalid / 5 Valid,"personalwebsites.org
blogspot.com
drjack.world"
zain-jaffer.com,11/13/2025,13,26,No indexing needed,"submitted
https://zain-jaffer.com/wp-sitemap-posts-post-1.xml
https://zain-jaffer.com/wp-sitemap-posts-page-1.xml
discovered 25 new pages",0,0 invalid / 6 Valid,medium.com
zubilashafiq.com,11/13/2025,7,3,No indexing needed,"submitted
https://zubilashafiq.com/wp-sitemap-posts-page-1.xml
discovered 4 new pages",0,0,"personalwebsites.org
drjack.world"