December 2025,,,,,,,,,,
Domain,Date,Not Indexed,Indexed,Index Request,Sitemap,Non-HTTPS Urls,Breadcrumbs,November,December New Links,Comments
adambuice.com,12/16/2025,34,34,,,,,"friendsnewsnetwork.com
about.me
personalwebsites.org
linktr.ee
tumblr.com","exindfabrics.com
marlborohostel.com
alfilodelaverdadmx.com
ollostream.com
zhengmingdu.org
adventure-south.com
cbdfreevillage.com
cxhdiaosu.com
futedianqui.com
harbourfrontnb.com
hopeweltylibrary.com
itsvision-egypt.com
ruandongxi.com
wushuangfanli.com
xchangelistings.com","IGNORE, Nick was buying links"
adamrozan.com,12/17/2025,27,3,,,,,No data,No data,No data
aidenfishbein.com,12/17/2025,13,7,,,,,"about.me
personalwebsites.org 
2ip.ru",medium.com,"Jagwinder, not that much progress here."
alexlieberman.com,12/17/2025,25,33,,,,,"2ip.io
about.me
personalwebsites.org
2ip.ru
apsense.com
cubdomain.com
drjack.world
linktr.ee
medium.com
peekyou.com
","reddit.com
getapeptalk.com
toast.ng","good links, not from Jagwinder"
allisonheiliczer.com,12/17/2025,10,8,,,,,drjack.world,No data,No data
andrewkanderson.com,12/17/2025,60,9,,,,,"about.me
linktr.ee
medium.com","about.me
medium.com",I'll check why his linktr.ee is no longer showing
andriayu.com,12/17/2025,8,10,,,,,"about.me
personalwebsites.org
2ip.io
apsense.com
blogspot.com
drjack.world",bounceme.net,
andysommer.com,12/17/2025,15,12,,,,,about.me,"personalwebsites.org
realtor.com
apsense.com
blogspot.com
experience.com
luma.com
slideserve.com
zoominfo.com","slideserve, apsense, and blogspot are from Jagwinder

experience.com (this one seems like they must have mistaken his site with one from a real estate broker, same with realtor.com

https://www.experience.com/reviews/andy-6725310
"
aniawysocka.com,12/17/2025,43,21,,,,,"personalwebsites.org
about.me
linktr.ee
medium.com
vs3.net",2ip.ru,
annepalermo.com,12/17/2025,27,20,,,,,"foodinstitute.com
about.me
personalwebsites.org
2ip.ru
apsense.com
crunchbase.com
fpsa.org",,
annikalewis.org,12/17/2025,21,7,,,,,personalwebsites.org,,no longer with us
austinrief.com,12/17/2025,26,14,,,,,"about.me
personalwebsites.org
blogspot.com
vs3.net","medium.com
linktr.ee",
aymanalabdullah.com,12/17/2025,167000,15,,,,,,,"hold on this one, but he has 30 links we can review"
barbruhis.com,12/17/2025,5,14,,,,,websitelaunches.com,"medium.com
apsense.com
websitelaunches.com
x.com",
benjaminpeacehoffman.com,12/17/2025,19,19,,,,,"about.me
linktr.ee
medium.com
personalwebsites.org
blogspot.com
cityhunt.com
dibiz.com",dibiz.com,"dibiz was not from Jagwinder, but it won't let me access this site either, not sure why"
braelinnfrank.com,12/17/2025,31,15,,,,,"personalwebsites.org
about.me
drjack.world","about.me
drjack.world",
brianleenash.com,12/17/2025,18,3,,,,,"datanyze.com
drjack.world
sive.rs
zoominfo.com","nashfromnashville.com
about.me
apsense.com
blogspot.com
sive.rs",
burns.gg,12/17/2025,14,9,,,,,"about.me
personalwebsites.org
blogspot.com","medium.com
linktr.ee
apsense.com",
carolinabaffigo.com,12/17/2025,17,11,,,,,"personalwebsites.org
about.me
apsense.com
drjack.world",,no new ones
catediaz.com,12/17/2025,22,17,,,,,"about.me
apsense.com
personalwebsites.org
2ip.ru
blogspot.com
bye.fyi",,no new ones
cathrynlavery.com,12/17/2025,26,20,,,,,"about.me
graphicpolicy.com
personalwebsites.org
blogspot.com
complex.com
csdn.net
designsekcja.pl
linktr.ee
nickgray.net
polkadot.it
vs3.net
zencos.com",,no new ones
chrisgittings.com,12/17/2025,12,9,,,,,"about.me
nickgray.net
personalwebsites.org
2ip.io
2ip.ru
apsense.com
blogspot.com
braid.in
bye.fyi
vs3.net",,no new ones
chrispetkas.com,12/17/2025,49,28,,,,,"medium.com
personalwebsites.org",x.com,
chrissparling.net,12/17/2025,31,10,,,,,"medium.com
personalwebsites.org
about.me
blogspot.com
bye.fyi
vs3.net",no new ones,
collinwmartin.com,12/17/2025,33,13,,,,,"idcrawl.com
twicopy.com
x.com",grokipedia.com,
courtneyjohnsonnews.com,12/17/2025,4,15,,,,,"about.me
apsense.com
websitelaunches.com","linktr.ee
medium.com",
danlerman.com,12/17/2025,34,24,,,,,"medium.com
about.me
personalwebsites.org
2ip.ru
apsense.com
blogspot.com
bye.fyi
linktr.ee
nickhalaris.com
tumblr.com","bounceme.net
x.com",
davidlkirkpatrick.com,12/17/2025,24,16,,,,,"about.me
linktr.ee
personalwebsites.org
vs3.net",,
davidshapiro.co,12/17/2025,16,15,,,,,"about.me
linktr.ee
personalwebsites.org",enricodonner.com,
dustinhyle.com,12/17/2025,16,9,,,,,"3si.org
medium.com
personalwebsites.org
about.me
theseattlecook.com",,no new ones
edwindorsey.com,12/17/2025,44,20,,,,,"about.me
linktr.ee
personalwebsites.org
bye.fyi
vs3.net",,no new ones
ericmelchor.com,12/17/2025,18,25,,,,,"apple.com
spotify.com
medium.com
about.me
listennotes.com
personalwebsites.org
anchor.fm
apsense.com
bucharestcocktailparty.com
drjack.world","blogspot.com
linktr.ee",
ethanrealander.com,12/17/2025,9,8,,,,,personalwebsites.org,,no longer with us
furqankhan.net,12/17/2025,16,7,,,,,No data,,No data
geneseidman.com,12/17/2025,19,10,,,,,"personalwebsites.org
about.me
apsense.com",,no new ones
hannahmelody.com,12/17/2025,24,11,,,,,"about.me
personalwebsites.org",,no new ones
houseofzel.com,12/17/2025,16,5,,,,,No data,,No data
itschadrubin.com,12/17/2025,17,13,,,,,"about.me
medium.com
personalwebsites.org
apsense.com
bye.fyi
vs3.net",,no new ones
itslaurengoldstein.com,12/17/2025,20,16,,,,,"apsense.com
personalwebsites.org
blogspot.com",,no new ones
jacobvoncannon.com,12/17/2025,13,7,,,,,"personalwebsites.org
apsense.com
blogspot.com",,no new ones
jasonyoong.com,12/17/2025,48,29,,,,,"luma.com
personalwebsites.org
apsense.com
reddit.com",,apsense isn't there anymore
jennykaehms.com,12/17/2025,23,17,,,,,"personalwebsites.org
varsitywomensclub.com","medium.com
apsense.com
blogspot.com",
johnarrow.com,12/17/2025,27,22,,,,,"reddit.com
about.me
drjack.world
personalwebsites.org
twicopy.com
apsense.com
idcrawl.com
x.com",,no new ones
johnwbrandes.com,12/17/2025,7,6,,,,,No data,"medium.com
apsense.com",
jonathanwegener.com,12/17/2025,24,6,,,,,"about.me
linktr.ee
bye.fyi
nickgray.net",,no new ones
jordanferney.com,12/17/2025,25,15,,,,,"medium.com
about.me
designmom.com
linktr.ee
personalwebsites.org
reddit.com",,no new ones
kaycierobinsonsendero.com,12/17/2025,13,8,,,,,"personalwebsites.org
drjack.world","medium.com
about.me
linktr.ee",
keithmwalker.com,12/17/2025,1,0,,,,,No data,"personalwebsites.org
blogspot.com
linktr.ee",
malonedetecting.com,12/17/2025,3,8,,,,,personalwebsites.org,,no new ones
mattgronberg.com,12/17/2025,26,12,,,,,"about.me
apsense.com
personalwebsites.org
blogspot.com",,no new ones
maxmatenko.com,12/17/2025,2,6,,,,,personalwebsites.org,,no longer with us
meghanraftery.com,12/17/2025,5,14,,,,,"medium.com
personalwebsites.org
drjack.world",,"no longer on this sites:
personalwebsites.org
drjack.world"
michaeldelamaza.com,12/17/2025,18,13,,,,,"personalwebsites.org
apsense.com
bye.fyi","medium.com
about.me
blogspot.com
bounceme.net
linktr.ee",
michaelgalpert.com,12/17/2025,618,32,,,,,"swiss-miss.com
tumblr.com
joshmohrer.com
bryce.vc
om.co
avimuchnick.com
birch.co
blogspot.com
gtmcknight.com
alexstechthoughts.com
mokoyfman.com
stwoeboyd.io
twicopy.com
digitalcrumble.com
fascinated.fm
instapaper.com
ito.com
laughingsquid.com
leftovertakeout.com
slideshare.net
steelopus.com
themarginalian.org
timoni.org
toomuchnick.com
wesleybarrow.com","swiss-miss.com
tumblr.com
joshmohrer.com
bryce.vc
avimuchnick.com
birch.co
gtmcknight.com
om.co
twicopy.com
blogspot.com
digitalcrumble.com
johndbeatty.com
laughingsquid.com
leftovertakeout.com
mokoyfman.com
slideshare.net
steelopus.com
stoweboyd.io
wesleybarrow.com
9-bits.com
bencohen.net
brittanymlaughlin.com
detailsinthefabric.com
fredwilson.vc
instapaper.com",
mikesmith.me,12/17/2025,344,81,,,,,"ryanckulp.com
linktr.ee
nickgray.net
personalwebsites.org
about.me
babinec.com
linkedin.com
nathanbarry.com
nownownow.com
teten.com
tracxn.com
twstalker.com","babinec.com
c99.nl
twicopy.com
x.com",
monicalim.co,12/17/2025,33,21,,,,,"notion.com
apsense.com
personalwebsites.org
transitor.fm
uk-podcasts.co.uk
adhdnerds.com
amazon.com
blogspot.com
goodpods.com
idcrawl.com
iheart.com
marianwalter.com
nickgray.net
podcastaddict.com
poddtoppen.se
twicopy.com
x.com","getpodcast.com
medium.com
amazon.in
bounceme.net
bye.fyi
intelligentnotions.com
noteforms.com
twstalker.com
wearokidoki.com",
nickchristensen.co,12/17/2025,15,5,,,,,personalwebsites.org,"blogspot.com
13tka.com
articlehub.buzz
corpweekly.com
entreprreneurpost.net
ipt.pw
journaltwist.com
myarticlecenter.site
passivebusinessgrowth.com
topdailyplanner.com
wordpress.com",
nikhulewsky.com,12/17/2025,10,7,,,,,"personalwebsites.org
apsense.com","medium.com
about.me
linktr.ee",
noahberkson.com,12/17/2025,58,38,,,,,"about.me
medium.com
personalwebsites.org
apsense.com
linktr.ee",,no new ones
peterknox.com,12/17/2025,5,14,,,,,"apsense.com
personalwebsites.org
drjack.world
imdb.com",linkedin.com,
pieceofpai.com,12/17/2025,14,10,,,,,"personalwebsites.org
apsense.com
blogspot.com
bye.fyi
creativeposts.top
huddlemarkets.ca
vs3.net","about.me
creativeposts.top",
pieterklue.com,12/17/2025,5,9,,,,,personalwebsites.org,,no longer with us
pradeepnalluri.com,12/17/2025,16,10,,,,,"personalwebsites.org
vs3.net","linktr.ee
medium.com
about.me
blogspot.com",
randallettinger.com,12/17/2025,11,10,,,,,"personalwebsites.org
websitelaunches.com
drjack.world",no new ones,
randlarsen.com,12/17/2025,71,27,,,,,"medium.com
personalwebsites.org
apsense.com
smbcommunity.co",bounceme.net,
rickyschay.com,12/17/2025,13,11,,,,,"medium.com
personalwebsites.org
blogspot.com
bye.fyi
creativeposts.top",,no new ones
rondarbouze.com,12/17/2025,22,13,,,,,"personalwebsites.org
apsense.com
bbwdesires.review
blogspot.com
drjack.world
radfordmeetings.com",,no new ones
ryanbed.org,12/17/2025,133,6,,,,,"tumblr.com
austinkleon.com
parislemon.com
topherchris.com
andyswan.com
peterwknox.com
stweboyd.io
apsense.com
fascinated.fm
gotemcoach.com
personalwebsites.org
pinterest.com
slideshare.net
zachklein.com
9-bits.com
about.me
amitgupta.com
birch.co
bryce.vc
bye.fyi
crunchbase.com
daveydanceblog.com
f6s.com
garychou.com
gregbabula.com","drjack.world
instalker.org
jacquesbruwer.com
joshmohrer.com
journalofajournalist.com
minusmanhattan.com
sandepparuchuri.com
shirls.me
shortformblog.com
wearenytech.com
x.com",
sameerkirtane.com,12/17/2025,21,1,,,,,bye.fyi,,no new ones
saulz.com,12/17/2025,39,14,,,,,"personalwebsites.org
about.me
apsense.com
blogspot.com
linktr.ee",,no new ones
sergiubuda.com,12/17/2025,12,8,,,,,No data,,No data
shaggyeells.com,12/17/2025,25,9,,,,,"copywritingcourse.com
medium.com
personalwebsites.org
thedailymba.com
angelosgergakis.com
connorjclayton.com
linkedin.com
party.pro
skimo.co",,no new ones
shanefarmer.com,12/17/2025,7,7,,,,,personalwebsites.org,"medium.com
apsense.com
blogginaway.com
blogspot.com",
shapirotexas.com,12/17/2025,0,2,,,,,No data,,No data
shlomoschreibman.net,12/17/2025,20,12,,,,,"about.me
personalwebsites.org
apsense.com
bye.fyi",,no new ones
skylarromines.com,12/17/2025,2,0,,,,,No data,"personalwebsites.org
apsense.com
bounceme.net",
taylorjacobson.org,12/17/2025,5,8,,,,,"medium.com
apsense.com
blogspot.com","convertkit/mail2.com
luma.com",
theadamrobinson.com,12/17/2025,26,13,,,,,"about.me
apsense.com
drjack.world
medium.com",,"no longer on:
apsense.com
drjack.world"
thearisohn.com,12/17/2025,28,18,,,,,"medium.com
about.me
linktr.ee
personalwebsites.org
tumblr.com",thebenhirsch.com,
thebenhirsch.com,12/17/2025,30,17,,,,,"yandex.ru
medium.com
personalwebsites.org
2ip.ru
about.me",,no new ones
thehumanmountainconnection.com,12/17/2025,8,5,,,,,"runtrimag.com
myportfolio.com
signalhire.com",,no new ones
thenicolerojas.com,12/17/2025,8,6,,,,,"skool.com
personalwebsites.org
bye.fyi
vs3.net","medium.com
about.me
apsense.com
linktr.ee",
tjlarkin.com,12/17/2025,15,14,,,,,"personalwebsites.org
blogspot.com
drjack.world
smartrecruiters.com
zoominfo.com","spotify.com
podscan.fm
zoominfo.com",
trevormccandless.com,12/17/2025,6,11,,,,,"personalwebsites.org
blogspot.com
drjack.world","medium.com
about.me
seol.store",
zain-jaffer.com,12/17/2025,13,26,,,,,medium.com,"dreamstime.com
personalwebsites.org
blogspot.com",
zubilashafiq.com,12/17/2025,7,3,,,,,"personalwebsites.org
drjack.world",,no new ones