Domain,January New Links (All Links),Link Count
adambuice.com,"friendsnewsnetwork.com, exindfabrics.com, alfilodelaverdadmx.com, harbourfrontnb.com, marlborohostel.com, personalwebsites.org, reddit.com, tumblr.com, zhengmingdu.org, adventure-south.com, cbdfreevillage.com, cxhdiaosu.com, hopeweltylibrary.com, itvision-egypt.com, linktr.ee, ollostream.com, ruandongxi.com, xchangelistings.com",18
adamlgerber.com,"medium.com, about.me, apsense.com",3
adamrozan.com,"apsense.com, medium.com, about.me, blogspot.com, linkedin.com, personalwebsites.org, vs3.net",7
aidenfishbein.com,"medium.com, about.me, personalwebsites.org, 2ip.ru",4
alexlieberman.com,"about.me, reddit.com, 2ip.io, 2ip.ru, drjack.world, getapeptalk.com, issuu.com, medium.com, peekyou.com, personalwebsites.org, sessionize.com, toast.ng",12
andrewkanderson.com,"about.me, medium.com",2
andriayu.com,"about.me, blogspot.com, bounceme.net, linktr.ee, medium.com, personalwebsites.org",6
andysommer.com,"medium.com, about.me, linktr.ee, realtor.com, apsense.com, blogspot.com, experience.com, zoominfo.com",8
aniawysocka.com,"2ip.ru, about.me, linktr.ee, medium.com, personalwebsites.org, vs3.net",6
annepalermo.com,"foodinstitute.com, medium.com, 2ip.ru, about.me, crunchbase.com, fpsa.org, personalwebsites.org",7
austinrief.com,"medium.com, about.me, linktr.ee, blogspot.com, personalwebsites.org, vs3.net",6
aymanalabdullah.com,"twicopy.com, x.com, 2ip.ru, libsyn.com, medium.com, tropicalmba.com, xhunt.ai, about.me, 100mba.net, amazon.de, apsense.com, copywritingcourse.com, feedio.co, iheart.com, issuu.com, leanmarketing.com, linktr.ee, noahkagan.com, personalwebsites.org, player.fm, pods.ee, practicalecommerce.com, sendfox.com, tapesearch.com, tlaopodcast.com, amazon.co.uk, slideshare.net, thefutur.com",28
barbruhis.com,"medium.com, apsense.com, x.com",3
benjaminpeacehoffman.com,"medium.com, about.me, linktr.ee, blogspot.com, cityhunt.com, dibiz.com, nownownow.com, personalwebsites.org",8
braelinnfrank.com,"medium.com, about.me, 2ip.ru, bounceme.net, issuu.com, linktr.ee",6
brianleenash.com,"nashfromnashville.com, medium.com, about.me, apsense.com, blogspot.com, datanyze.com, drjack.world, sive.rs",8
burns.gg,"medium.com, about.me, linktr.ee, apsense.com, blogspot.com, personalwebsites.org",6
carolinabaffigo.com,"about.me, apsense.com, drjack.world, personalwebsites.org",4
catediaz.com,"medium.com, about.me, 2ip.ru, apsense.com, blogspot.com, bye.fyi, linktr.ee",7
cathrynlavery.com,"medium.com, about.me, graphicpolicy.com, csdn.net, designsekcja.pl, nickgray.net, seol.store, vs3.net, zencos.com",9
cherylannconnects.com,"linktr.ee, medium.com",2
chrisgittings.com,"about.me, 2ip.io, linktr.ee, medium.com, nickgray.net, vs3.net",6
chrispetkas.com,"medium.com, about.me, seol.store, twstalker.com, x.com",5
chrissparling.net,"medium.com, personalwebsites.org, about.me, blogspot.com, bye.fyi, vs3.net",6
collinwmartin.com,"grokipedia.com, x.com, idcrawl.com, twicopy.com, wikipedia.org",5
courtneyjohnsonnews.com,"about.me, linktr.ee, medium.com",3
danlerman.com,"medium.com, 2ip.ru, about.me, tumblr.com, 2ip.io, apsense.com, backlinks-checker.com, blogspot.com, drjack.world, issuu.com, linktr.ee, nickhalaris.com, seol.store, x.com",14
davidlkirkpatrick.com,"about.me, medium.com, personalwebsites.org, vs3.net",4
davidshapiro.co,"about.me, linktr.ee, personalwebsites.org, enricodonner.com, medium.com",5
dustinhyle.com,"medium.com, 3si.org, about.me, linktr.ee, personalwebsites.org, theseattlecook.com",6
edwindorsey.com,"about.me, personalwebsites.org, vs3.net",3
ericmelchor.com,"apple.com, spotify.com, iheart.com, medium.com, about.me, anchor.fm, apsense.com, blogspot.com, bucharestcocktailparty.com, drjack.world, linktr.ee, listennotes.com, personalwebsites.org",13
geneseidman.com,"medium.com, about.me, linktr.ee, personalwebsites.org",4
gregcook.me,"gregcook.org",1
hannahmelody.com,"about.me, medium.com, personalwebsites.org",3
itschadrubin.com,"about.me, medium.com, personalwebsites.org, vs3.net",4
itslaurengoldstein.com,"about.me, personalwebsites.org, apsense.com, blogspot.com, seol.store",5
jacobvoncannon.com,"about.me, apsense.com, blogspot.com, personalwebsites.org",4
jasonyoong.com,"luma.com, about.me, medium.com, apsense.com, linktr.ee, personalwebsites.org, reddit.com, substack.com",8
jennykaehms.com,"medium.com, about.me, apsense.com, blogspot.com, personalwebsites.org, varsitywomensclub.com",6
johnarrow.com,"reddit.com, medium.com, about.me, twicopy.com, x.com, apsense.com, drjack.world, linktr.ee, personalwebsites.org, twstalker.com",10
johnwbrandes.com,"medium.com, apsense.com, reddit.com",3
jonathanwegener.com,"about.me, linktr.ee, bye.fyi, nickgray.net",4
jordanferney.com,"canalblog.com, designmom.com, medium.com, personalwebsites.org, reddit.com",5
kaycierobinsonsendero.com,"medium.com, about.me, linktr.ee, personalwebsites.org",4
malonedetecting.com,"personalwebsites.org",1
mattgronberg.com,"medium.com, about.me, apsense.com, blogspot.com, issuu.com, linktr.ee, peekyou.com, personalwebsites.org",8
meghanraftery.com,"medium.com, drjack.world, linkedin.com, linktr.ee, personalwebsites.org",5
michaeldelamaza.com,"medium.com, about.me, personalwebsites.org, blogspot.com, bounceme.net, linktr.ee",6
michaelgalpert.com,"swiss-miss.com, tumblr.com, joshmohrer.com, bryce.vc, birch.co, om.co, avimuchnick.com, digitalcrumble.com, gtmcknight.com, johndbeatty.com, laughingsquid.com, leftovertakeout.com, medium.com, mokoyfman.com, steelopus.com, twicopy.com, wesleybarrow.com, 9-bits.com, about.me, bencohen.net, blogspot.com, brittanymlaughlin.com, ito.com, linktr.ee, slideshare.net, themarginalian.org, toomuchnick.com, whitneyhess.com, willrichardson.com, wordpress.com, x.com, xhunt.ai, ailiangan.com, ala.org, apsense.com, asiasociety.org, aubreysabala.com, avc.com, benmilne.com, bmichael.me, crunchbase.com, daryn.net, detailsinthefabric.com, downforeveryoneorjustme.com, fandom.com, fascinated.fm, fredwilson.vc, giantrobotlasers.com, github.com, instapaper.com, ironicsans.com, jordancooper.blog, lenotta.com, lifehacker.com, lifehacker.jp, lizraelupdate.com, matt.blog, mdfsmash.com, michelletofi.com, mslipmann.com, noahbrier.com, nytimes.com, paradoxica.net, parislemon.com, personalwebsites.org, pitchbook.com, pleasereboot.ca, positivesharing.com, producthunt.com, rachelmercer.org, rajiv.com, rickwebb.net, sciencevsromance.net, sessys.com, simeonov.com, stoweboyd.io, techcrunch.com, techtwitter.com, twitfast.com, vimeo.com, zephoria.org",81
mikesmith.me,"ryanckulp.com, about.me, linktr.ee, medium.com, nickgray.net, stevensonandhugheslawfirm.com, babinec.com, c99.nl, linkedin.com, nathanbarry.com, nownownow.com, teten.com, tracxn.com, twicopy.com, twstalker.com, x.com",16
monicalim.co,"notion.com, getpodcast.com, medium.com, transistor.fm, uk-podcasts.co.uk, about.me, adhdnerds.com, amazon.com, amazon.in, apsense.com, blogspot.com, bounceme.net, bye.fyi, idcrawl.com, linktr.ee, nickgray.net, noteforms.com, podcastaddict.com, poddtoppen.se, twicopy.com, twstalker.com, weareokidoki.com, x.com",23
nickchristensen.co,"blogspot.com, 13tka.com, articlehub.buzz, bcss8.com, corpweekly.com, entrepreneurpost.net, journaltwist.com, linktr.ee, myarticlecenter.site, passivebusinessgrowth.com, reddit.com, topdailyplanner.com, wordpress.com",13
nikhulewsky.com,"medium.com, about.me, linktr.ee, personalwebsites.org",4
noahberkson.com,"about.me, medium.com, blogspot.com, linktr.ee, personalwebsites.org, wikidocs.net",6
peterknox.com,"about.me, imdb.com, medium.com, personalwebsites.org, drjack.world, linkedin.com, linktr.ee",7
pieceofpai.com,"medium.com, personalwebsites.org, about.me, apsense.com, blogspot.com, bye.fyi, huddlemarkets.ca, linktr.ee, vs3.net",9
pradeepnalluri.com,"medium.com, linktr.ee, personalwebsites.org, about.me, blogspot.com, vs3.net",6
randallettinger.com,"drjack.world, personalwebsites.org, websitelaunches.com",3
randlarsen.com,"medium.com, about.me, apsense.com, bounceme.net, personalwebsites.org, smbcommunity.co",6
realbenalbert.com,"medium.com, about.me, apsense.com, blogspot.com",4
rickyschay.com,"medium.com, about.me, blogspot.com, personalwebsites.org",4
rondarbouze.com,"about.me, personalwebsites.org, apsense.com, blogspot.com, drjack.world, medium.com",6
ryanbed.org,"medium.com, andyswan.com, pinterest.com, slideshare.net, x.com, about.me, bye.fyi, crunchbase.com, drjack.world, f6s.com, jacquesbruwer.com, joshmohrer.com, journalofajournalist.com, minusmanhattan.com, personalwebsites.org, sandeepparuchuri.com, tumblr.com, wearenytech.com",18
sameerkirtane.com,"bye.fyi",1
saulz.com,"medium.com, about.me, linktr.ee, personalwebsites.org",4
shaggyeells.com,"copywritingcourse.com, medium.com, personalwebsites.org, thedailymba.com, about.me, angelosgeorgakis.com, connorjclayton.com, linkedin.com, party.pro, skimo.co",10
shanefarmer.com,"medium.com, apsense.com, blogginaway.com, blogspot.com, canariblogs.com, full-design.com, linktr.ee, personalwebsites.org",8
shlomoschreibman.net,"about.me, bye.fyi, personalwebsites.org",3
skylarromines.com,"medium.com, personalwebsites.org, apsense.com, bounceme.net",4
sorenarnsbo.com,"about.me, medium.com",2
taylorjacobson.org,"medium.com, about.me, apsense.com, blogspot.com, convertkit-mail2.com, slideshare.net",6
theadamrobinson.com,"about.me, medium.com",2
thearisohn.com,"linktr.ee, medium.com, about.me, issuu.com, thebenhirsch.com",5
thebenhirsch.com,"about.me, medium.com, personalwebsites.org, yandex.ru",4
thenicolerojas.com,"medium.com, skool.com, about.me, linktr.ee, bye.fyi, personalwebsites.org, vs3.net",7
tjlarkin.com,"spotify.com, ivoox.com, medium.com, podscan.fm, about.me, blogspot.com, drjack.world, linktr.ee, personalwebsites.org, smartrecruiters.com, zoominfo.com",11
trevormccandless.com,"medium.com, about.me, blogspot.com, linktr.ee, personalwebsites.org, seol.store",6
zain-jaffer.com,"medium.com, dreamstime.com, about.me, blogspot.com, linktr.ee, personalwebsites.org",6
zubilashafiq.com,"drjack.world, personalwebsites.org",2
