Domain,January New Links (Column K),Comments (Column L)
adambuice.com,"friendsnewsnetwork.com, exindfabrics.com, alfilodelaverdadmx.com, harbourfrontnb.com, marlborohostel.com, personalwebsites.org, reddit.com, tumblr.com, zhengmingdu.org, adventure-south.com, cbdfreevillage.com, cxhdiaosu.com, hopeweltylibrary.com, itvision-egypt.com, linktr.ee, ollostream.com, ruandongxi.com, xchangelistings.com","STABLE (18 links). New: reddit.com. Removed: about.me, futedianqui.com, wushuangfanli.com. Note: Still has spam links from Nick's link buying."
adamlgerber.com,"medium.com, about.me, apsense.com","NEW DOMAIN in January. 3 links total. Standard profile links."
adamrozan.com,"apsense.com, medium.com, about.me, blogspot.com, linkedin.com, personalwebsites.org, vs3.net","IMPROVEMENT (+7). Was 'No data' in Nov/Dec. Now has 7 links including linkedin.com (good quality)."
aidenfishbein.com,"medium.com, about.me, personalwebsites.org, 2ip.ru","STABLE (4 links). New: medium.com (retained from Dec). Same core profile links."
alexlieberman.com,"about.me, reddit.com, 2ip.io, 2ip.ru, drjack.world, getapeptalk.com, issuu.com, medium.com, peekyou.com, personalwebsites.org, sessionize.com, toast.ng","IMPROVEMENT (12 links, +2). New: issuu.com, sessionize.com. Removed: apsense.com, cubdomain.com, linktr.ee. Good quality links retained."
andrewkanderson.com,"about.me, medium.com","DECREASE (2 links, -1). Lost: linktr.ee. Only profile links remain."
andriayu.com,"about.me, blogspot.com, bounceme.net, linktr.ee, medium.com, personalwebsites.org","STABLE (6 links). New: linktr.ee, medium.com. Removed: 2ip.io, apsense.com, drjack.world."
andysommer.com,"medium.com, about.me, linktr.ee, realtor.com, apsense.com, blogspot.com, experience.com, zoominfo.com","STABLE (8 links). New: medium.com, linktr.ee. Removed: personalwebsites.org, luma.com, slideserve.com. Kept quality links: realtor.com, experience.com."
aniawysocka.com,"2ip.ru, about.me, linktr.ee, medium.com, personalwebsites.org, vs3.net","STABLE (6 links). Same as December. No changes."
annepalermo.com,"foodinstitute.com, medium.com, 2ip.ru, about.me, crunchbase.com, fpsa.org, personalwebsites.org","STABLE (7 links). New: medium.com. Still has high-quality foodinstitute.com link (20 linking pages)."
austinrief.com,"medium.com, about.me, linktr.ee, blogspot.com, personalwebsites.org, vs3.net","STABLE (6 links). Same links as December. Consistent profile."
aymanalabdullah.com,"twicopy.com, x.com, 2ip.ru, libsyn.com, medium.com, tropicalmba.com, xhunt.ai, about.me, 100mba.net, amazon.de, apsense.com, copywritingcourse.com, feedio.co, iheart.com, issuu.com, leanmarketing.com, linktr.ee, noahkagan.com, personalwebsites.org, player.fm, pods.ee, practicalecommerce.com, sendfox.com, tapesearch.com, tlaopodcast.com, amazon.co.uk, slideshare.net, thefutur.com","MAJOR IMPROVEMENT (28 links). Was on HOLD. Now has extensive podcast/business links: tropicalmba.com, iheart.com, noahkagan.com, copywritingcourse.com. Excellent profile."
barbruhis.com,"medium.com, apsense.com, x.com","STABLE (3 links). Same as December. Removed: websitelaunches.com."
benjaminpeacehoffman.com,"medium.com, about.me, linktr.ee, blogspot.com, cityhunt.com, dibiz.com, nownownow.com, personalwebsites.org","IMPROVEMENT (8 links, +1). New: nownownow.com. Retained all December links."
braelinnfrank.com,"medium.com, about.me, 2ip.ru, bounceme.net, issuu.com, linktr.ee","IMPROVEMENT (6 links, +3). New: medium.com, 2ip.ru, bounceme.net, issuu.com, linktr.ee. Removed: personalwebsites.org, drjack.world."
brianleenash.com,"nashfromnashville.com, medium.com, about.me, apsense.com, blogspot.com, datanyze.com, drjack.world, sive.rs","IMPROVEMENT (8 links, +3). New: medium.com, datanyze.com, drjack.world. Retained quality link: nashfromnashville.com (6 linking pages). Removed: zoominfo.com."
burns.gg,"medium.com, about.me, linktr.ee, apsense.com, blogspot.com, personalwebsites.org","STABLE (6 links). Same core links. Consistent profile."
carolinabaffigo.com,"about.me, apsense.com, drjack.world, personalwebsites.org","STABLE (4 links). No changes from November. Consistent."
catediaz.com,"medium.com, about.me, 2ip.ru, apsense.com, blogspot.com, bye.fyi, linktr.ee","IMPROVEMENT (7 links, +1). New: medium.com, linktr.ee. Same core profile."
cathrynlavery.com,"medium.com, about.me, graphicpolicy.com, csdn.net, designsekcja.pl, nickgray.net, seol.store, vs3.net, zencos.com","DECREASE (9 links, -3). Removed: personalwebsites.org, blogspot.com, complex.com, linktr.ee, polkadot.it. New: medium.com, seol.store. Kept quality: graphicpolicy.com."
cherylannconnects.com,"linktr.ee, medium.com","NEW DOMAIN in January. 2 links total. Basic profile links only."
chrisgittings.com,"about.me, 2ip.io, linktr.ee, medium.com, nickgray.net, vs3.net","DECREASE (6 links, -4). Removed: personalwebsites.org, 2ip.ru, apsense.com, blogspot.com, braid.in, bye.fyi. New: linktr.ee, medium.com."
chrispetkas.com,"medium.com, about.me, seol.store, twstalker.com, x.com","IMPROVEMENT (5 links, +2). New: about.me, seol.store, twstalker.com. Removed: personalwebsites.org. Retained x.com."
chrissparling.net,"medium.com, personalwebsites.org, about.me, blogspot.com, bye.fyi, vs3.net","STABLE (6 links). Same as November/December. Consistent profile."
collinwmartin.com,"grokipedia.com, x.com, idcrawl.com, twicopy.com, wikipedia.org","IMPROVEMENT (5 links, +1). New: wikipedia.org (quality link!). Retained grokipedia.com from December."
courtneyjohnsonnews.com,"about.me, linktr.ee, medium.com","STABLE (3 links). Removed: apsense.com, websitelaunches.com. Same core profile links."
danlerman.com,"medium.com, 2ip.ru, about.me, tumblr.com, 2ip.io, apsense.com, backlinks-checker.com, blogspot.com, drjack.world, issuu.com, linktr.ee, nickhalaris.com, seol.store, x.com","IMPROVEMENT (14 links, +2). New: 2ip.io, backlinks-checker.com, drjack.world, issuu.com, seol.store. Removed: personalwebsites.org, bye.fyi, bounceme.net."
davidlkirkpatrick.com,"about.me, medium.com, personalwebsites.org, vs3.net","STABLE (4 links). New: medium.com. Removed: linktr.ee. Same quality."
davidshapiro.co,"about.me, linktr.ee, personalwebsites.org, enricodonner.com, medium.com","IMPROVEMENT (5 links, +1). New: medium.com. Retained enricodonner.com from December."
dustinhyle.com,"medium.com, 3si.org, about.me, linktr.ee, personalwebsites.org, theseattlecook.com","IMPROVEMENT (6 links, +1). New: linktr.ee. Retained quality links: 3si.org (4 pages), theseattlecook.com."
edwindorsey.com,"about.me, personalwebsites.org, vs3.net","DECREASE (3 links, -2). Removed: linktr.ee, bye.fyi. Only profile links remain."
ericmelchor.com,"apple.com, spotify.com, iheart.com, medium.com, about.me, anchor.fm, apsense.com, blogspot.com, bucharestcocktailparty.com, drjack.world, linktr.ee, listennotes.com, personalwebsites.org","IMPROVEMENT (13 links, +1). New: iheart.com (quality podcast link). Excellent profile with apple.com (11 pages), spotify.com (7 pages)."
geneseidman.com,"medium.com, about.me, linktr.ee, personalwebsites.org","IMPROVEMENT (4 links, +1). New: medium.com, linktr.ee. Removed: apsense.com. Better quality now."
gregcook.me,"gregcook.org","NEW DOMAIN in January. Only 1 link (self-referential). Needs link building."
hannahmelody.com,"about.me, medium.com, personalwebsites.org","IMPROVEMENT (3 links, +1). New: medium.com. Same core profile."
itschadrubin.com,"about.me, medium.com, personalwebsites.org, vs3.net","DECREASE (4 links, -2). Removed: apsense.com, bye.fyi. Core profile remains."
itslaurengoldstein.com,"about.me, personalwebsites.org, apsense.com, blogspot.com, seol.store","IMPROVEMENT (5 links, +2). New: about.me, seol.store. Same core profile."
jacobvoncannon.com,"about.me, apsense.com, blogspot.com, personalwebsites.org","IMPROVEMENT (4 links, +1). New: about.me. Same core profile links."
jasonyoong.com,"luma.com, about.me, medium.com, apsense.com, linktr.ee, personalwebsites.org, reddit.com, substack.com","IMPROVEMENT (8 links, +4). New: about.me, medium.com, linktr.ee, substack.com (quality!). Retained luma.com (6 pages). Great progress!"
jennykaehms.com,"medium.com, about.me, apsense.com, blogspot.com, personalwebsites.org, varsitywomensclub.com","STABLE (6 links). New: about.me. Retained quality: varsitywomensclub.com."
johnarrow.com,"reddit.com, medium.com, about.me, twicopy.com, x.com, apsense.com, drjack.world, linktr.ee, personalwebsites.org, twstalker.com","IMPROVEMENT (10 links, +2). New: medium.com, linktr.ee, twstalker.com. Excellent: reddit.com has 31 linking pages! Removed: idcrawl.com."
johnwbrandes.com,"medium.com, apsense.com, reddit.com","IMPROVEMENT (3 links, +1). New: reddit.com (quality!). Was 'No data' in November."
jonathanwegener.com,"about.me, linktr.ee, bye.fyi, nickgray.net","STABLE (4 links). Same as November/December. Consistent profile."
jordanferney.com,"canalblog.com, designmom.com, medium.com, personalwebsites.org, reddit.com","DECREASE (5 links, -1). Removed: about.me, linktr.ee. New: canalblog.com. Retained quality: designmom.com, reddit.com."
kaycierobinsonsendero.com,"medium.com, about.me, linktr.ee, personalwebsites.org","IMPROVEMENT (4 links, +2). Same as December additions. Removed: drjack.world. Good profile."
malonedetecting.com,"personalwebsites.org","STABLE (1 link). No change. Needs link building attention."
mattgronberg.com,"medium.com, about.me, apsense.com, blogspot.com, issuu.com, linktr.ee, peekyou.com, personalwebsites.org","IMPROVEMENT (8 links, +4). New: medium.com, issuu.com, linktr.ee, peekyou.com. Great progress from December."
meghanraftery.com,"medium.com, drjack.world, linkedin.com, linktr.ee, personalwebsites.org","IMPROVEMENT (5 links, +2). New: linkedin.com (quality!), linktr.ee. Note: personalwebsites.org and drjack.world back after being missing in Dec."
michaeldelamaza.com,"medium.com, about.me, personalwebsites.org, blogspot.com, bounceme.net, linktr.ee","STABLE (6 links). Same as December combined. Removed: apsense.com, bye.fyi."
michaelgalpert.com,"swiss-miss.com, tumblr.com, joshmohrer.com, bryce.vc, birch.co, om.co, avimuchnick.com, digitalcrumble.com, gtmcknight.com, johndbeatty.com, laughingsquid.com, leftovertakeout.com, medium.com, mokoyfman.com, steelopus.com, twicopy.com, wesleybarrow.com, 9-bits.com, about.me, bencohen.net, blogspot.com, brittanymlaughlin.com, ito.com, linktr.ee, slideshare.net, themarginalian.org, toomuchnick.com, whitneyhess.com, willrichardson.com, wordpress.com, x.com, xhunt.ai, ailiangan.com, ala.org, apsense.com, asiasociety.org, aubreysabala.com, avc.com, benmilne.com, bmichael.me, crunchbase.com, daryn.net, detailsinthefabric.com, downforeveryoneorjustme.com, fandom.com, fascinated.fm, fredwilson.vc, giantrobotlasers.com, github.com, instapaper.com, ironicsans.com, jordancooper.blog, lenotta.com, lifehacker.com, lifehacker.jp, lizraelupdate.com, matt.blog, mdfsmash.com, michelletofi.com, mslipmann.com, noahbrier.com, nytimes.com, paradoxica.net, parislemon.com, personalwebsites.org, pitchbook.com, pleasereboot.ca, positivesharing.com, producthunt.com, rachelmercer.org, rajiv.com, rickwebb.net, sciencevsromance.net, sessys.com, simeonov.com, stoweboyd.io, techcrunch.com, techtwitter.com, twitfast.com, vimeo.com, zephoria.org","MAJOR IMPROVEMENT (81 links, +57!). Massive growth! New high-authority: nytimes.com, techcrunch.com, lifehacker.com, producthunt.com, github.com, ala.org, avc.com. swiss-miss.com dominates (145 pages). Best profile in network!"
mikesmith.me,"ryanckulp.com, about.me, linktr.ee, medium.com, nickgray.net, stevensonandhugheslawfirm.com, babinec.com, c99.nl, linkedin.com, nathanbarry.com, nownownow.com, teten.com, tracxn.com, twicopy.com, twstalker.com, x.com","IMPROVEMENT (16 links, +4). New: medium.com, stevensonandhugheslawfirm.com, linkedin.com. Retained quality: ryanckulp.com (7 pages), nathanbarry.com."
monicalim.co,"notion.com, getpodcast.com, medium.com, transistor.fm, uk-podcasts.co.uk, about.me, adhdnerds.com, amazon.com, amazon.in, apsense.com, blogspot.com, bounceme.net, bye.fyi, idcrawl.com, linktr.ee, nickgray.net, noteforms.com, podcastaddict.com, poddtoppen.se, twicopy.com, twstalker.com, weareokidoki.com, x.com","STABLE (23 links). New: about.me, linktr.ee. Removed: goodpods.com, iheart.com, marianwalter.com, intelligentnotions.com. notion.com dominates (40 pages)."
nickchristensen.co,"blogspot.com, 13tka.com, articlehub.buzz, bcss8.com, corpweekly.com, entrepreneurpost.net, journaltwist.com, linktr.ee, myarticlecenter.site, passivebusinessgrowth.com, reddit.com, topdailyplanner.com, wordpress.com","IMPROVEMENT (13 links, +2). New: reddit.com (quality!), bcss8.com. Note: Many article directory links from December retained."
nikhulewsky.com,"medium.com, about.me, linktr.ee, personalwebsites.org","STABLE (4 links). Same as December combined. Removed: apsense.com."
noahberkson.com,"about.me, medium.com, blogspot.com, linktr.ee, personalwebsites.org, wikidocs.net","IMPROVEMENT (6 links, +1). New: wikidocs.net, blogspot.com. Removed: apsense.com. Good profile."
peterknox.com,"about.me, imdb.com, medium.com, personalwebsites.org, drjack.world, linkedin.com, linktr.ee","IMPROVEMENT (7 links, +2). New: about.me, medium.com, linktr.ee. Retained quality: imdb.com, linkedin.com. Removed: apsense.com."
pieceofpai.com,"medium.com, personalwebsites.org, about.me, apsense.com, blogspot.com, bye.fyi, huddlemarkets.ca, linktr.ee, vs3.net","IMPROVEMENT (9 links, +2). New: medium.com, linktr.ee. Removed: creativeposts.top. Good profile."
pradeepnalluri.com,"medium.com, linktr.ee, personalwebsites.org, about.me, blogspot.com, vs3.net","STABLE (6 links). Same as December combined. Good profile."
randallettinger.com,"drjack.world, personalwebsites.org, websitelaunches.com","STABLE (3 links). Same as November. No changes."
randlarsen.com,"medium.com, about.me, apsense.com, bounceme.net, personalwebsites.org, smbcommunity.co","IMPROVEMENT (6 links, +1). New: about.me. Retained quality: smbcommunity.co. Removed: bounceme.net shows in both lists (was Dec new)."
realbenalbert.com,"medium.com, about.me, apsense.com, blogspot.com","NEW DOMAIN in January. 4 links total. Standard profile links."
rickyschay.com,"medium.com, about.me, blogspot.com, personalwebsites.org","DECREASE (4 links, -1). Removed: bye.fyi, creativeposts.top. New: about.me. Core profile."
rondarbouze.com,"about.me, personalwebsites.org, apsense.com, blogspot.com, drjack.world, medium.com","STABLE (6 links). New: about.me, medium.com. Removed: bbwdesires.review (spam), radfordmeetings.com. Cleaner profile now."
ryanbed.org,"medium.com, andyswan.com, pinterest.com, slideshare.net, x.com, about.me, bye.fyi, crunchbase.com, drjack.world, f6s.com, jacquesbruwer.com, joshmohrer.com, journalofajournalist.com, minusmanhattan.com, personalwebsites.org, sandeepparuchuri.com, tumblr.com, wearenytech.com","DECREASE (18 links, -7). Removed: austinkleon.com, parislemon.com, topherchris.com, peterwknox.com, fascinated.fm, apsense.com, and others. New: medium.com. Still good quality links retained."
sameerkirtane.com,"bye.fyi","STABLE (1 link). No change from November. Needs link building attention."
saulz.com,"medium.com, about.me, linktr.ee, personalwebsites.org","DECREASE (4 links, -1). Removed: apsense.com, blogspot.com. New: medium.com. Core profile."
shaggyeells.com,"copywritingcourse.com, medium.com, personalwebsites.org, thedailymba.com, about.me, angelosgeorgakis.com, connorjclayton.com, linkedin.com, party.pro, skimo.co","IMPROVEMENT (10 links, +1). New: about.me. Excellent quality: copywritingcourse.com (11 pages), linkedin.com. Great profile!"
shanefarmer.com,"medium.com, apsense.com, blogginaway.com, blogspot.com, canariblogs.com, full-design.com, linktr.ee, personalwebsites.org","IMPROVEMENT (8 links, +4). New: canariblogs.com, full-design.com, linktr.ee, personalwebsites.org. Good progress!"
shlomoschreibman.net,"about.me, bye.fyi, personalwebsites.org","DECREASE (3 links, -1). Removed: apsense.com. Core profile remains."
skylarromines.com,"medium.com, personalwebsites.org, apsense.com, bounceme.net","IMPROVEMENT (4 links, +1). New: medium.com. Was 'No data' in November, now has profile."
sorenarnsbo.com,"about.me, medium.com","NEW DOMAIN in January. 2 links total. Basic profile only."
taylorjacobson.org,"medium.com, about.me, apsense.com, blogspot.com, convertkit-mail2.com, slideshare.net","IMPROVEMENT (6 links, +2). New: about.me, slideshare.net. Retained convertkit-mail2.com from Dec. Removed: luma.com."
theadamrobinson.com,"about.me, medium.com","DECREASE (2 links, -2). Removed: apsense.com, drjack.world (as noted in Dec comments). Only core profile links."
thearisohn.com,"linktr.ee, medium.com, about.me, issuu.com, thebenhirsch.com","STABLE (5 links). New: issuu.com. Removed: personalwebsites.org, tumblr.com. Retained thebenhirsch.com from Dec. linktr.ee has 5 pages."
thebenhirsch.com,"about.me, medium.com, personalwebsites.org, yandex.ru","STABLE (4 links). Removed: 2ip.ru. Same core profile."
thenicolerojas.com,"medium.com, skool.com, about.me, linktr.ee, bye.fyi, personalwebsites.org, vs3.net","STABLE (7 links). Same as December combined. New: apsense.com missing (good - it was removed). Quality: skool.com (3 pages)."
tjlarkin.com,"spotify.com, ivoox.com, medium.com, podscan.fm, about.me, blogspot.com, drjack.world, linktr.ee, personalwebsites.org, smartrecruiters.com, zoominfo.com","IMPROVEMENT (11 links, +4). New: about.me, ivoox.com (4 pages), linktr.ee, medium.com. Excellent: spotify.com (18 pages!). Strong podcast profile."
trevormccandless.com,"medium.com, about.me, blogspot.com, linktr.ee, personalwebsites.org, seol.store","STABLE (6 links). New: linktr.ee. Removed: drjack.world. Same as December combined."
zain-jaffer.com,"medium.com, dreamstime.com, about.me, blogspot.com, linktr.ee, personalwebsites.org","IMPROVEMENT (6 links, +3). New: about.me, linktr.ee. medium.com has 5 pages. Good profile."
zubilashafiq.com,"drjack.world, personalwebsites.org","STABLE (2 links). Same as November. Needs attention."
