Domain Name,November 2025,December 2025
adamlgerber.com,"(none)","medium.com
about.me"
adamrozan.com,"(no data)","(empty)"
aidenfishbein.com,"about.me
personalwebsites.org
2ip.ru","medium.com
2ip.ru
personalwebsites.org
about.me"
allisonheiliczer.com,"drjack.world","(empty)"
andrewkanderson.com,"about.me
linktr.ee
medium.com","medium.com
about.me"
andriayu.com,"about.me
personalwebsites.org
2ip.io
apsense.com
blogspot.com
drjack.world","personalwebsites.org
apsense.com
2ip.ru
about.me
blogspot.com
drjack.world
sites.bounceme.net"
andysommer.com,"about.me","linktr.ee
medium.com
zoominfo.com
slideserve.com
apsense.com
personalwebsites.org
realtor.com
blogspot.com
experience.com
about.me"
aniawysocka.com,"personalwebsites.org
about.me
linktr.ee
medium.com
vs3.net","2ip.ru
personalwebsites.org
vs3.net
linktr.ee
about.me
medium.com"
annepalermo.com,"foodinstitute.com
about.me
personalwebsites.org
2ip.ru
apsense.com
crunchbase.com
fpsa.org","2ip.ru
personalwebsites.org
apsense.com
about.me
foodinstitute.com
fpsa.org
crunchbase.com"
barbruhis.com,"websitelaunches.com","medium.com
apsense.com
x.com
websitelaunches.com"
benjaminpeacehoffman.com,"about.me
linktr.ee
medium.com
personalwebsites.org
blogspot.com
cityhunt.com
dibiz.com","medium.com
nownownow.com
blogspot.com
dibiz.com
personalwebsites.org
cityhunt.com
linktr.ee
about.me"
braelinnfrank.com,"personalwebsites.org
about.me
drjack.world","medium.com
about.me"
brianleenash.com,"datanyze.com
drjack.world
sive.rs
zoominfo.com","medium.com
about.me
apsense.com
blogspot.com
nashfromnashville.com
datanyze.com
drjack.world
sive.rs"
burns.gg,"about.me
personalwebsites.org
blogspot.com","medium.com
linktr.ee
apsense.com
personalwebsites.org
about.me
blogspot.com"
carolinabaffigo.com,"personalwebsites.org
about.me
apsense.com
drjack.world","personalwebsites.org
apsense.com
about.me
drjack.world"
catediaz.com,"about.me
apsense.com
personalwebsites.org
2ip.ru
blogspot.com
bye.fyi","personalwebsites.org
2ip.ru
about.me
apsense.com
blogspot.com
bye.fyi"
cathrynlavery.com,"about.me
graphicpolicy.com
personalwebsites.org
blogspot.com
complex.com
csdn.net
designsekcja.pl
linktr.ee
nickgray.net
polkadot.it
vs3.net
zencos.com","graphicpolicy.com
personalwebsites.org
vs3.net
linktr.ee
about.me
blogspot.com
nickgray.net
csdn.net
designsekcja.pl
zencos.com"
chrisgittings.com,"about.me
nickgray.net
personalwebsites.org
2ip.io
2ip.ru
apsense.com
blogspot.com
braid.in
bye.fyi
vs3.net","personalwebsites.org
vs3.net
2ip.io
2ip.ru
bye.fyi
about.me
blogspot.com
nickgray.net"
chrispetkas.com,"medium.com
personalwebsites.org","about.me
twstalker.com
x.com
personalwebsites.org
medium.com
seol.store"
chrissparling.net,"medium.com
personalwebsites.org
about.me
blogspot.com
bye.fyi
vs3.net","personalwebsites.org
vs3.net
about.me
medium.com
blogspot.com
bye.fyi"
collinwmartin.com,"idcrawl.com
twicopy.com
x.com","grokipedia.com
twicopy.com
idcrawl.com
x.com"
courtneyjohnsonnews.com,"about.me
apsense.com
websitelaunches.com","linktr.ee
medium.com
about.me"
danlerman.com,"medium.com
about.me
personalwebsites.org
2ip.ru
apsense.com
blogspot.com
bye.fyi
linktr.ee
nickhalaris.com
tumblr.com","seol.store
drjack.world
2ip.ru
sites.bounceme.net
tumblr.com
personalwebsites.org
x.com
medium.com
about.me
linktr.ee
apsense.com
blogspot.com
nickhalaris.com"
davidlkirkpatrick.com,"about.me
linktr.ee
personalwebsites.org
vs3.net","personalwebsites.org
vs3.net
about.me"
davidshapiro.co,"about.me
linktr.ee
personalwebsites.org","enricodonner.com
personalwebsites.org
about.me
linktr.ee"
dieselworldwidenyc.com,"(no November data)","(empty)"
dustinhyle.com,"3si.org
medium.com
personalwebsites.org
about.me
theseattlecook.com","3si.org
about.me
personalwebsites.org
medium.com
theseattlecook.com"
edwindorsey.com,"about.me
linktr.ee
personalwebsites.org
bye.fyi
vs3.net","personalwebsites.org
vs3.net
about.me"
ericmelchor.com,"apple.com
spotify.com
medium.com
about.me
listennotes.com
personalwebsites.org
anchor.fm
apsense.com
bucharestcocktailparty.com
drjack.world","iheart.com
linktr.ee
blogspot.com
about.me
podcasts.apple.com
creators.spotify.com
personalwebsites.org
apsense.com
medium.com
podcasters.spotify.com
listennotes.com
bucharestcocktailparty.com
drjack.world
anchor.fm"
furqankhan.net,"(no data)","(empty)"
geneseidman.com,"personalwebsites.org
about.me
apsense.com","linktr.ee
about.me
personalwebsites.org"
gregcook.me,"(no November data)","(empty)"
hannahmelody.com,"about.me
personalwebsites.org","personalwebsites.org
about.me"
houseofzel.com,"(no data)","(empty)"
itschadrubin.com,"about.me
medium.com
personalwebsites.org
apsense.com
bye.fyi
vs3.net","personalwebsites.org
vs3.net
medium.com
about.me
apsense.com"
itslaurengoldstein.com,"apsense.com
personalwebsites.org
blogspot.com","personalwebsites.org
apsense.com
blogspot.com"
jacobvoncannon.com,"personalwebsites.org
apsense.com
blogspot.com","apsense.com
personalwebsites.org
blogspot.com"
jasonyoong.com,"luma.com
personalwebsites.org
apsense.com
reddit.com","personalwebsites.org
reddit.com
luma.com
substack.com"
jennykaehms.com,"personalwebsites.org
varsitywomensclub.com","medium.com
apsense.com
blogspot.com
varsitywomensclub.com
personalwebsites.org"
johnarrow.com,"reddit.com
about.me
drjack.world
personalwebsites.org
twicopy.com
apsense.com
idcrawl.com
x.com","reddit.com
personalwebsites.org
twicopy.com
about.me
apsense.com
idcrawl.com
drjack.world
x.com"
johnwbrandes.com,"(no data)","medium.com
apsense.com"
jonathanwegener.com,"about.me
linktr.ee
bye.fyi
nickgray.net","nickgray.net
bye.fyi
about.me
linktr.ee"
jordanferney.com,"medium.com
about.me
designmom.com
linktr.ee
personalwebsites.org
reddit.com","canalblog.com
designmom.com
personalwebsites.org
reddit.com
medium.com"
kaycierobinsonsendero.com,"personalwebsites.org
drjack.world","linktr.ee
medium.com
about.me
personalwebsites.org"
keithmwalker.com,"(no data)","personalwebsites.org
linktr.ee
blogspot.com"
malonedetecting.com,"personalwebsites.org","personalwebsites.org"
mariacook.me,"(no November data)","(empty)"
mattgronberg.com,"about.me
apsense.com
personalwebsites.org
blogspot.com","linktr.ee
medium.com
personalwebsites.org
about.me
blogspot.com
apsense.com"
meghanraftery.com,"medium.com
personalwebsites.org
drjack.world","transformativeprincipal.org
medium.com
personalwebsites.org
drjack.world"
michaeldelamaza.com,"personalwebsites.org
apsense.com
bye.fyi","medium.com
about.me
linktr.ee
blogspot.com
personalwebsites.org
sites.bounceme.net"
mikesmith.me,"ryanckulp.com
linktr.ee
nickgray.net
personalwebsites.org
about.me
babinec.com
linkedin.com
nathanbarry.com
nownownow.com
teten.com
tracxn.com
twstalker.com","twicopy.com
ryanckulp.com
subdomainfinder.c99.nl
about.me
personalwebsites.org
linktr.ee
twstalker.com
linkedin.com
nickgray.net
nownownow.com
tracxn.com
teten.com
babinec.com
nathanbarry.com
x.com"
monicalim.co,"notion.com
apsense.com
personalwebsites.org
transitor.fm
uk-podcasts.co.uk
adhdnerds.com
amazon.com
blogspot.com
goodpods.com
idcrawl.com
iheart.com
marianwalter.com
nickgray.net
podcastaddict.com
poddtoppen.se
twicopy.com
x.com","notion.com
uk-podcasts.co.uk
getpodcast.com
medium.com
blogspot.com
personalwebsites.org
apsense.com
twicopy.com
amazon.com
goodpods.com
idcrawl.com
x.com
podcastaddict.com
adhdnerds.com
transistor.fm
bye.fyi
sites.bounceme.net
nickgray.net
noteforms.com
intelligentnotions.com
poddtoppen.se"
nikhulewsky.com,"personalwebsites.org
apsense.com","linktr.ee
about.me
medium.com
personalwebsites.org"
noahberkson.com,"about.me
medium.com
personalwebsites.org
apsense.com
linktr.ee","personalwebsites.org
about.me
medium.com
linktr.ee
apsense.com"
peterknox.com,"apsense.com
personalwebsites.org
drjack.world
imdb.com","about.me
imdb.com
linkedin.com
personalwebsites.org
drjack.world"
pieceofpai.com,"personalwebsites.org
apsense.com
blogspot.com
bye.fyi
creativeposts.top
huddlemarkets.ca
vs3.net","linktr.ee
about.me
personalwebsites.org
apsense.com
blogspot.com
vs3.net
bye.fyi
huddlemarkets.ca"
pradeepnalluri.com,"personalwebsites.org
vs3.net","medium.com
linktr.ee
about.me
blogspot.com
personalwebsites.org
vs3.net"
randallettinger.com,"personalwebsites.org
websitelaunches.com
drjack.world","websitelaunches.com
personalwebsites.org
drjack.world"
randlarsen.com,"medium.com
personalwebsites.org
apsense.com
smbcommunity.co","about.me
personalwebsites.org
apsense.com
medium.com
smbcommunity.co
sites.bounceme.net"
realbenalbert.com,"(no November data)","(empty)"
rickyschay.com,"medium.com
personalwebsites.org
blogspot.com
bye.fyi
creativeposts.top","personalwebsites.org
medium.com
blogspot.com"
rondarbouze.com,"personalwebsites.org
apsense.com
bbwdesires.review
blogspot.com
drjack.world
radfordmeetings.com","personalwebsites.org
apsense.com
blogspot.com
drjack.world"
ryanbed.org,"tumblr.com
austinkleon.com
parislemon.com
topherchris.com
andyswan.com
peterwknox.com
stweboyd.io
apsense.com
fascinated.fm
gotemcoach.com
personalwebsites.org
pinterest.com
slideshare.net
zachklein.com
9-bits.com
about.me
amitgupta.com
birch.co
bryce.vc
bye.fyi
crunchbase.com
daveydanceblog.com
f6s.com
garychou.com
gregbabula.com","instalker.org
about.me
apsense.com
pinterest.com
x.com
personalwebsites.org
slideshare.net
minusmanhattan.com
tumblr.com
bye.fyi
joshmohrer.com
peterwknox.com
life.jacquesbruwer.com
shortformblog.com
mattrivas.tumblr.com
sandeepparuchuri.com
andyswan.com
f6s.com
crunchbase.com
journalofajournalist.com
wearenytech.com"
saulz.com,"personalwebsites.org
about.me
apsense.com
blogspot.com
linktr.ee","personalwebsites.org
about.me
linktr.ee
apsense.com
blogspot.com"
sergiubuda.com,"(no data)","(empty)"
shaggyeells.com,"copywritingcourse.com
medium.com
personalwebsites.org
thedailymba.com
angelosgergakis.com
connorjclayton.com
linkedin.com
party.pro
skimo.co","copywritingcourse.com
personalwebsites.org
medium.com
connorjclayton.com
skimo.co
party.pro
linkedin.com
thedailymba.com"
shlomoschreibman.net,"about.me
personalwebsites.org
apsense.com
bye.fyi","personalwebsites.org
about.me
bye.fyi"
skylarromines.com,"(no data)","apsense.com
personalwebsites.org
sites.bounceme.net"
sorenarnsbo.com,"(no November data)","about.me
blogspot.com
sorenarnsbo.dk
medium.com
apsense.com"
taylorjacobson.org,"medium.com
apsense.com
blogspot.com","convertkit-mail2.com
medium.com
apsense.com
blogspot.com"
theadamrobinson.com,"about.me
apsense.com
drjack.world
medium.com","medium.com
about.me"
thearisohn.com,"medium.com
about.me
linktr.ee
personalwebsites.org
tumblr.com","personalwebsites.org
about.me
thebenhirsch.com
medium.com
linktr.ee"
thebenhirsch.com,"yandex.ru
medium.com
personalwebsites.org
2ip.ru
about.me","medium.com
personalwebsites.org
yandex.ru
about.me"
thenicolerojas.com,"skool.com
personalwebsites.org
bye.fyi
vs3.net","linktr.ee
about.me
medium.com
personalwebsites.org
vs3.net
skool.com
bye.fyi"
tjlarkin.com,"personalwebsites.org
blogspot.com
drjack.world
smartrecruiters.com
zoominfo.com","creators.spotify.com
ivoox.com
podscan.fm
blogspot.com
smartrecruiters.com
personalwebsites.org
zoominfo.com
drjack.world"
trevormccandless.com,"personalwebsites.org
blogspot.com
drjack.world","blogspot.com
about.me
medium.com
personalwebsites.org
seol.store"
zain-jaffer.com,"medium.com","personalwebsites.org
blogspot.com
medium.com
dreamstime.com"
zubilashafiq.com,"personalwebsites.org
drjack.world","personalwebsites.org
drjack.world"
