Site,Linking pages,Target pages
rogachat.com,27,1
friendsnewsnetwork.com,8,4
exindfabrics.com,4,1
indieweb.org,4,3
socialcompare.com,4,1
issuu.com,3,1
zhengmingdu.org,3,1
alfilodelaverdadmx.com,2,1
lnk.bio,2,2
marlborohostel.com,2,1
provenexpert.com,2,2
reddit.com,2,1
wantedly.com,2,1
adventure-south.com,1,1
cbdfreevillage.com,1,1
cxhdiaosu.com,1,1
findaspring.org,1,1
harbourfrontnb.com,1,1
hopeweltylibrary.com,1,1
itvision-egypt.com,1,1
linktr.ee,1,1
personalwebsites.org,1,1
pinterest.com,1,1
remotehub.com,1,1
ruandongxi.com,1,1
slideshare.net,1,1
triberr.com,1,1
tumblr.com,1,1
xchangelistings.com,1,1