Linking page,Last crawled
https://www.iheart.com/podcast/269-connections-with-eric-296508804/episode/depressed-or-divorced-just-throw-a-297755849/,2025-12-06
https://www.iheart.com/podcast/269-connections-with-eric-296508804/episode/separated-after-15-years-and-suddenly-296508808/,2025-12-06
https://www.iheart.com/podcast/269-connections-with-eric-296508804/episode/tiny-apartment-huge-vibes-what-actually-299347765/,2025-12-06
https://linktr.ee/ericmelchorus,2025-11-18
https://ericmelchorus.blogspot.com/,2025-11-05
https://about.me/ericmelchor,2025-10-26
https://podcasts.apple.com/ca/podcast/connections-with-eric/id1841944789?l=fr-CA,2025-10-24
https://podcasts.apple.com/ca/podcast/separated-after-15-years-and-suddenly-19-again/id1841944789?l=fr-CA,2025-10-24
https://creators.spotify.com/pod/profile/eric-melchor/episodes/How-to-Make-Friends-in-a-Foreign-City-Without-Looking-Like-a-Tourist-Loser-e39saqb,2025-10-22
https://personalwebsites.org/clients/,2025-10-21
https://www.apsense.com/user/ericmelchor,2025-10-21
https://creators.spotify.com/pod/profile/eric-melchor/episodes/Nobody-Cares-About-Your-Cheese-Plate---how-I-get-people-excited-about-a-party-before-they-walk-in-e39icun,2025-10-16
https://podcasts.apple.com/us/podcast/connections-with-eric/id1841944789?l=pt-BR,2025-10-11
https://podcasts.apple.com/us/podcast/connections-with-eric/id1841944789?l=zh-Hant-TW,2025-10-11
https://medium.com/feed/@ericmelchorus,2025-10-09
https://creators.spotify.com/pod/profile/eric-melchor/episodes/Tiny-Apartment--Huge-Vibes-What-Actually-Matters-at-a-Party-e398khn,2025-10-08
https://medium.com/@ericmelchorus/about,2025-10-08
https://medium.com/@ericmelchorus/building-real-friendships-abroad-my-social-funnel-strategy-e50910641e00,2025-10-08
https://creators.spotify.com/pod/profile/eric-melchor/episodes/Depressed-or-Divorced--Just-Throw-a-Damn-Party-e38ugfg,2025-10-04
https://creators.spotify.com/pod/profile/eric-melchor/episodes/Separated-after-15-years-and-Suddenly-19-again-e38lnv0,2025-10-04
https://creators.spotify.com/pod/profile/eric-melchor/episodes/Six-Figures-in-Texas-Now-Im-Mr--Mom-in-Romania-e38lnac,2025-10-04
https://podcasters.spotify.com/pod/show/eric-melchor/episodes/Every-Other-Weekend-with-my-kids--Screw-That-e38lnqv,2025-10-04
https://podcasts.apple.com/pa/podcast/connections-with-eric/id1841944789,2025-10-04
https://anchor.fm/s/109b273d4/podcast/rss,2025-10-03
https://podcasts.apple.com/br/podcast/connections-with-eric/id1841944789,2025-10-03
https://podcasts.apple.com/fr/podcast/connections-with-eric/id1841944789,2025-10-03
https://podcasts.apple.com/jp/podcast/connections-with-eric/id1841944789,2025-10-03
https://personalwebsites.org/,2025-10-02
https://podcasts.apple.com/ch/podcast/connections-with-eric/id1841944789,2025-10-02
https://podcasts.apple.com/tw/podcast/connections-with-eric/id1841944789,2025-10-02
https://podcasts.apple.com/us/podcast/connections-with-eric/id1841944789,2025-10-02
https://podcasts.apple.com/ca/podcast/connections-with-eric/id1841944789,2025-10-01
https://www.listennotes.com/podcasts/connections-with-eric-eric-melchor-uAiGXoKnD-I/,2025-10-01
https://bucharestcocktailparty.com/,2025-09-29
https://drjack.world/report/3713478,2025-09-27